Product Name,Product Price,Product URL,Description,ASIN,Product Description,Manufacturer
F Gear Millionaire Doby 36 Ltrs Black Laptop Backpack (3201),"₹1,049",https://www.amazon.in/F-Gear-Millionaire-Doby-Black-Laptop-Backpack/dp/B07XMLCYTH,,,,
Gear ECO 1 Black Orange Red Laptop Backpack,₹759,https://www.amazon.in/Gear-Polyester-Laptop-Backpack-LBPECO1000109/dp/B012NW1H1I,,,,
"Puma Unisex-Adult Big Cat Backpack, Fizzy Apple (9018404)",₹999,https://www.amazon.in/Puma-Unisex-Adult-Backpack-Fizzy-9018404/dp/B0BWF2BNBP,PUMA Big Cat Laptop Backpack,,"Product description    
 PUMA Big Cat Laptop Backpack",Brand: Puma
"House of Quirk Clear Toiletry Bag, Wash Make Up Bag PVC Waterproof Zippered Cosmetic Bag, Portable Carry Pouch for Women Men (Set of 3 Bag Black)",₹475,https://www.amazon.in/House-Quirk-Toiletry-Waterproof-Zippered/dp/B09G364GX5,,,,
"The Deal Men's 15.6 Inch Polyester Casual Laptop Backpack, Travel Computer Bag Water Resistant College Work School Bag (Blue)",₹399,https://www.amazon.in/Deal-Polyester-Backpack-Computer-Resistant/dp/B08RC39B71,,,,
BAG CORNER Travel Woman and Clothing Duffel Bag (Ten),₹799,https://www.amazon.in/BAG-CORNER-Travel-Clothing-Duffel/dp/B0B6VNJ3YG,,,,
"YASH Bag for Boys and Girls Blue Color, 15.6 inch 25 L Casual Waterproof Laptop Backpack/Office Bag/School Bag/College Bag","₹29,499",https://www.amazon.in/Casual-Waterproof-Laptop-Backpack-College/dp/B0C3XG81XS,,,,
"F Gear Fortune Navy Blue, Red 27 Liters Laptop Backpack (2700)",₹884,https://www.amazon.in/F-Gear-Fortune-Backpack-Navy-Blue/dp/B07B7K7212,,,,
ADISA 32L Large Laptop Backpack Office Bag College Travel Back Pack with rain Cover (Navy),₹599,https://www.amazon.in/ADISA-Laptop-Backpack-Office-College/dp/B0BVRJYD9Q,,,,
Skybags Unisex Grey Jacqard 34L Laptop Bags,"₹1,149",https://www.amazon.in/Skybags-Unisex-Grey-Jacqard-Laptop/dp/B09ZV9SLBJ,,,,
Lino Perros Women Handbag,"₹1,303",https://www.amazon.in/Lino-Perros-Womens-Handbag-Black/dp/B07L4PQJ42,,,,
"uppercase Medium 17 Ltrs Vegan Leather (upto 14 inch) Laptop Backpack 2300EBP1 3x more water resistant sustainable bags with rain proof zippers for Men, Women, Boys and Girls, 750 Days warranty","₹1,600",https://www.amazon.in/uppercase-Backpack-2300EBP1-repellent-sustainable/dp/B0B69M182Q,Handcrafted with care and made up of premium quality robust material,,,Visit the uppercase Store
"MosQuick® Clear large Drawstring Bags Clear Plastic Travel Bags, Travel Garments Organizing Storage Plastic Bags ,Shoe bags , Stationery Bag,multipurpose bag - Translucent",₹294,https://www.amazon.in/MosQuick%C2%AE-Drawstring-Organizing-Stationery-multipurpose/dp/B09SB42QFQ,,,,
Tabelito® VOLT Casual waterproof Laptop Backpack/Office bag/School bag/College bag/Business bag/Unisex bag Travel bag Compatible with 15.6 inch Laptop 30L Bag for Men and Women - GREY,₹599,https://www.amazon.in/Tabelito%C2%AE-VOLT-waterproof-Backpack-Compatible/dp/B0BML7Q3J1,,,,
URBAN WOLF 30L Casual Dual Compartment Water Resistant Laptop Backpack Unisex Bags for Office/Travel/Business/College/School (Black),₹719,https://www.amazon.in/Business-Casual-Compartment-Resistant-Backpack/dp/B08N6HSJJ5,,,,
"Frantic Velvet Kids Soft Cartoon Animal Travelling School Bag Soft Plush Backpacks Baby Girls Boys for 2 to 5 Years Baby/Boys/Girls Nursery, Picnic,Preschool",₹279,https://www.amazon.in/Frantic-Soft-Elephant-Velvet-Plush/dp/B07P9JFYZ5,,,,
Wooum Sling Cross Body Bag/One Side Bag/Shoulder Bag/Office Business Messenger Bag/Money Bag for Men and Women - Water Resisitance,₹328,https://www.amazon.in/Wooum-Resisitance-Shoulder-Business-Messenger/dp/B0993Q72WD,,,,
"Foldable Travel Duffel Bag,Sport Totes,Shoulder Shopping Bag,Luggage Bag,2 Pack (Pink+Blue)",₹399,https://www.amazon.in/Foldable-Travel-Shoulder-Shopping-Luggage/dp/B07VCRL9H3,,,,
"Genie Glitter Backpack for Women - 3 compartments, Laptop Bags for Girls, Stylish and Trendy College Backpacks for Girls, Water Resistant and Lightweight Bags for Office and Travelling Purpose.","₹1,199",https://www.amazon.in/Genie-Glitter-Backpack-Women-compartments/dp/B097JHQH13,,,,
Half Moon Large 37L Laptop Bag Backpack for menं Women Boys and Girls Luggage Travel Bags with 17.3 inches Laptop Compartment & Rain Cover,₹749,https://www.amazon.in/Half-Moon-Resistant-Backpack-Compartment/dp/B0BJ32LQ6X,,,,
Gear CarryOn 16L Foldable Water Resistant School Bag//Backpack/College Bag for Men/Women - Blue Black,₹189,https://www.amazon.in/GEAR-Black-Blue-Backpack-years/dp/B019HA8AYG,,,,
"Lenovo 15.6"" (39.62cm) Slim Everyday Backpack, Made in India, Compact, Water-resistant, Organized storage:Laptop sleeve,tablet pocket,front workstation,2-side pockets,Padded adjustable shoulder straps",₹649,https://www.amazon.in/Lenovo-15-6-Inches-Everyday-Backpack/dp/B08R7RPVJF,,,,
ADISA 32L Large Laptop Backpack Office Bag College Travel Back Pack with rain Cover (Grey),₹599,https://www.amazon.in/ADISA-Laptop-Backpack-Office-College/dp/B0BPVLXD53,,,,
"Wesley Milestone 2.0 Casual Waterproof Laptop Backpack/Office Bag/School Bag/College Bag/Business Bag/Travel Backpack (Dimensions:13x18 inches) (Compatible with 39.62cm(15.6inch laptop) 30 L, Charcoal black",₹598,https://www.amazon.in/Wesley-Milestone-Waterproof-Backpack-Business/dp/B085S444JV,"30L Capacity: The Backpack has a padded laptop compartment that can fit 15.6 inch laptop. It can also accommodate essentials such as a Lunch box, Charger, Tablet, Books, Power Bank, Wallet, and Sunglass.    Multi-Level Organizer: The backpack has a front zipper pocket for the ID card, Sanitizer, House keys, Pen. First compartment with pockets for the earphones, pens, notebook, Fitness Band. Spacious second compartment for all your electronics. Compatible Laptop Size 16 inch    Ergonomic Design: Thick cushioning around the shoulders and on the back panel makes the backpack super light and comfortable on the move. “S” Shaped shoulder strap distribute the weight of the backpack across your upper body.    Made In India: Wesley Business Casual Backpack is fully manufactured in India and pass through stringent quality tests and checks    1 Year Warranty: The Wesley Business casual backpack comes with 1 year of warranty    Water Resistant Material: Advanced IPX4 coating on the material ensures resistance to water entering from any direction.    
› See more product details",,"Wesley Milestone 2.0 Casual Waterproof Laptop Backpack Information
      Technical Details         Brand  
                ‎Wesley     Manufacturer  
                ‎Wesley, Longani Trading Company, F-82, Sector-1, Bawana Industrial Area, Delhi-110039     Model  
                ‎MII-007     Model Name  
                ‎Milestone 2.0     Product Dimensions  
                ‎31.8 x 17.8 x 45.7 cm; 480 Grams     Item model number  
                ‎MII-007     Special Features  
                ‎Laptop Compartment, Waterproof, Lightweight, Ergonomic Design, Padded Strap     Mounting Hardware  
                ‎Backpack     Number of items  
                ‎1     Batteries Required  
                ‎No     Material  
                ‎Canvas     Manufacturer  
                ‎Wesley     Country of Origin  
                ‎India     Item Weight  
                ‎480 g               Additional Information     ASIN   B085S444JV    Customer Reviews  

 
   4.3  4.3 out of 5 stars    
    10,947 ratings   


 4.3 out of 5 stars     Best Sellers Rank    #414 in Electronics (See Top 100 in Electronics)  #8 in Laptop Backpacks       Date First Available   15 August 2020     Packer   Longani Trading Company, F-82, Sector-1, Bawana Industrial Area, Delhi-110039     Item Dimensions LxWxH   31.8 x 17.8 x 45.7 Centimeters     Net Quantity   1 Piece     Generic Name   Laptop Backpack            Feedback                                               

 Would you like to   tell us about a lower price?
                
 
 







Wesley Milestone 2.0 Casual Waterproof Laptop Backpack/Office Bag/School Bag/College Bag/Business Bag/Travel Backpack (Dimensions:13x18 inches) (Compatible with 39.62cm(15.6inch laptop) 30 L, Charcoal black
Share: 





Found a lower price? Let us know.
Where did you see a lower price?









Website (Online)








URL:





Price incl. VAT:
                                                    (INR)
                                                





Shipping cost:
                                                    (INR)
                                                





Date of the price:







01
02
03
04
05
06
07
08
09
10
11
12














                                                            /
                                                        





01
02
03
04
05
06
07
08
09
10
11
12
13
14
15
16
17
18
19
20
21
22
23
24
25
26
27
28
29
30
31














                                                            /
                                                        
































Store (Offline)








Store name:







Town/City:





State:



Please select province




Please select province







Price incl. VAT:
                                                    (INR)
                                                





Date of the price:






01
02
03
04
05
06
07
08
09
10
11
12














                                                        /
                                                    





01
02
03
04
05
06
07
08
09
10
11
12
13
14
15
16
17
18
19
20
21
22
23
24
25
26
27
28
29
30
31














                                                        /
                                                    






























                        Please sign in to provide feedback. 








Submit Feedback",Brand: Wesley
Gear Classic 20L Faux Leather Water Resistant Anti Theft Laptop Bag/Backpack for Men/Women-Brown,₹988,https://www.amazon.in/Gear-Classic-Leather-Backpack-LBPCLSLTH0201/dp/B07G4F6XFH,,,,
"Safari Flash Casual Backpack, 26 ltr Water Resistant Travel Bags| Weight Polyester Bagpack for Men and Women, Spacious Shoulder Bag for College, Office, Travelling and Camping",₹799,https://www.amazon.in/Safari-Backpack-Resistant-Polyester-Travelling/dp/B09B26VHXV,,,,
Half Moon Large 37L Laptop Bag Backpack for menं Women Boys and Girls Luggage Travel Bags with 17.3 inches Laptop Compartment & Rain Cover,₹749,https://www.amazon.in/Half-Moon-Backpack-Luggage-Compartment/dp/B09VCLZ3K4,,,,
Lavie Sport Lino Large Size 63 cms Wheel Duffle Bag for Travel | Travel Bag with Trolley,"₹1,199",https://www.amazon.in/Lavie-Sport-Duffle-Luggage-Trolley/dp/B097RJ22Q3,,,,
Wesley Milestone 15.6 inch 25 L Casual Waterproof Laptop Backpack/Office Bag/School Bag/College Bag/Business Bag/Unisex Travel Backpack,₹497,https://www.amazon.in/Wesley-Milestone-Waterproof-Backpack-Business/dp/B07PLKV6D1,,,,
"Safari Quill Laptop Backpack 26 Ltrs Water Resistant Fabric - Black, L (QUILL19CBBLK)",₹849,https://www.amazon.in/Safari-Laptop-Backpack-Resistant-Fabric/dp/B09B25Z8M2,,,,
"Safari Quill Laptop Backpack 26 Ltrs Water Resistant Fabric - Blue, L (QUILL19CBBLU)",₹849,https://www.amazon.in/Safari-Laptop-Backpack-Resistant-Fabric/dp/B09B28TKLG,"Safari Quill is a 26 Litres, 2 compartment laptop backpack perfect for daily usage. It has a dedicated tech safe laptop sleeve that can hold upto 17 inch laptop or any smaller ones easily. The laptop sleeve is also fully padded from the bottom protecting your device from any shock or damage. This backpack is especially designed for todays fast paced world, where everything should be compact and lightweight. This backpack is perfect for everyday usage such as college, school, tuitions, or short holiday trips. The front pocket is designed to keep your essentials organized and side mesh pockets are perfect for storing your water bottle and umberella. Made of high grade water resistant polyester fabric, this backpack will last you several trips.",,"Product description    
 Safari Quill is a 26 Litres, 2 compartment laptop backpack perfect for daily usage. It has a dedicated tech safe laptop sleeve that can hold upto 17 inch laptop or any smaller ones easily. The laptop sleeve is also fully padded from the bottom protecting your device from any shock or damage. This backpack is especially designed for todays fast paced world, where everything should be compact and lightweight. This backpack is perfect for everyday usage such as college, school, tuitions, or short holiday trips. The front pocket is designed to keep your essentials organized and side mesh pockets are perfect for storing your water bottle and umberella. Made of high grade water resistant polyester fabric, this backpack will last you several trips.",Visit the Safari Store
"POLESTAR Vintage 15.6 inch 32 LTR Casual Laptop Backpack/Office Bag/School Bag/College Bag/Business Bag/Unisex Backpack, Water Resistant and Light Weight, 1 year Warranty",₹549,https://www.amazon.in/POLESTAR-Vintage-Laptop-Backpack-bagpack/dp/B081GSQ9D9,,,,
"Wesley Unisex Milestone Casual Waterproof Laptop Office School College Business Travel Backpack 25 L (Dimensions: 12.5x18 inches) (Compatible with 15.6 inch laptops), Navy Blue",₹425,https://www.amazon.in/Wesley-Milestone-Waterproof-Backpack-Business/dp/B07K8KLB3P,,,,
ADISA Light Weight Laptop Backpack 32 Ltrs,₹499,https://www.amazon.in/ADISA-BP005-Weight-Casual-Backpack/dp/B07F3X45WZ,"Adjustable Shoulder Handles / Two Bottle holders / Padded Handle / Reflector Logo    Dimensions : LxWxH- 31 x 18 x 47 cms    Laptop : 15.6 inches and below (Bigger than 15.6 not recommended)    No. of Compartments : 3 with full padding    NOT INCLUDED : NO RAIN COVER, Laptop, Headphones & Cable (Images only for display)",,,Visit the ADISA Store
TRAWOC 80L Travel Backpack for Outdoor Sport Camp Hiking Trekking Bag Camping Rucksack HK007 (PARENT) 1 Year Warranty,"₹2,332",https://www.amazon.in/TRAWOC-Backpack-Trekking-Rucksack-Warranty/dp/B0847PGZZM,,,,
"Bennett 15.6 inch Laptop Bag Men/Women, 25 L Water Resistant School/College Backpack with Padded Laptop Compartment for Apple/Dell/Lenovo/Asus/Hp/Mi/MacBook/Ultrabook/Thinkpad/Ideapad (Blue)",₹512,https://www.amazon.in/Bennett-15-6-inch-Repellent-Backpack-ben_cas_blue/dp/B09WZKB54G,,,,
"Palay Waist Bag For Unisex With Adjustable Strap, Waterproof Fanny Pack Stylish Chest Bag Bum Bag With 4-Zipper Pockets For Travel Party Festival Running Hiking",₹584,https://www.amazon.in/PALAY%C2%AE-Shoulder-4-Zipper-Pockets-Adjustable/dp/B08SWGFBNT,,,,
motherly Diaper Bags for Mom Travel Basic Edition (Navy Blue),"₹1,549",https://www.amazon.in/Motherly-Diaper-Bags-Travel-Basic/dp/B07PKQ3WJZ,"Capacity: 19 liters, Weight: 566gm<br> <br>    What’s new: Well-researched, upgraded fabric and hardware (zippers, rivets, gauge buttons) which is exclusively used to save you those extra bucks while maintaining the highest quality standards!! Light-weighted. Won’t add bulk and yet durable to sustain heavy weight.KEEP HOT WATER OR MILK WARM - Warm time of hot water or milk stored in the milk bottle pockets is 2 hours.<br> <br>    Pattern Name: Solid; Lining Description: Polyurethane; Age Range Description: Adult <br>    
› See more product details",,"Product information 
      Technical Details         Target gender  
                ‎Unisex     Material  
                ‎Waterproof Oxford Fabric     Additional product features  
                ‎Lightweight , Adjustable , Water proof , Bottle Holder , Anti theft , Cell Phone Holder     Number of items  
                ‎1     Style  
                ‎backpacks     Product Dimensions  
                ‎21 x 27 x 42 cm; 700 Grams     Manufacturer recommended age  
                ‎0 months and up     Manufacturer  
                ‎Motherly     Country of Origin  
                ‎India     Item Weight  
                ‎700 g               Additional Information     ASIN   B07PKQ3WJZ    Customer Reviews  

 
   4.5  4.5 out of 5 stars    
    2,485 ratings   


 4.5 out of 5 stars     Best Sellers Rank    #735 in Baby Products (See Top 100 in Baby Products)  #141 in Diaper Needs  #314 in Bags & Backpacks       Date First Available   19 November 2019     Manufacturer   Motherly     Item Dimensions LxWxH   21 x 27 x 42 Centimeters            Feedback                                               

 Would you like to   tell us about a lower price?
                
 
 







motherly Diaper Bags for Mom Travel Basic Edition (Navy Blue)
Share: 





Found a lower price? Let us know.
Where did you see a lower price?









Website (Online)








URL:





Price incl. VAT:
                                                    (INR)
                                                





Shipping cost:
                                                    (INR)
                                                





Date of the price:







01
02
03
04
05
06
07
08
09
10
11
12














                                                            /
                                                        





01
02
03
04
05
06
07
08
09
10
11
12
13
14
15
16
17
18
19
20
21
22
23
24
25
26
27
28
29
30
31














                                                            /
                                                        
































Store (Offline)








Store name:







Town/City:





State:



Please select province




Please select province







Price incl. VAT:
                                                    (INR)
                                                





Date of the price:






01
02
03
04
05
06
07
08
09
10
11
12














                                                        /
                                                    





01
02
03
04
05
06
07
08
09
10
11
12
13
14
15
16
17
18
19
20
21
22
23
24
25
26
27
28
29
30
31














                                                        /
                                                    






























                        Please sign in to provide feedback. 








Submit Feedback",Visit the motherly Store
Martucci 15.6 inch 30 L Casual Waterproof Laptop Backpack/Office Bag/School Bag/College Bag/Business Bag/Unisex Travel Backpack(Black),₹549,https://www.amazon.in/Martucci-Casual-Travelling-Laptop-Backpack/dp/B088B4P6ZW,,,,
"Safari 48 Cms Black Formal/Office/Laptop Backpack With Anti-Theft, Lock, Usb And Rfid (Vault19Cbblk)",₹997,https://www.amazon.in/Safari-Formal-Backpack-Anti-Theft-VAULT19CBBLK/dp/B07XSTR69N,,,,
LOOKMUSTER Casual Waterproof Laptop Backpack/Office Bag/School Bag/College Bag/Business Bag/Travel Backpack…,₹598,https://www.amazon.in/LOOKMUSTER-Waterproof-Backpack-College-Business/dp/B0BS6YGKMC,,,,
Gear Moderneco5 21L Water Resistant School Bag/Backpack/College Bag For Men/Women - Navyblue,₹379,https://www.amazon.in/Gear-Ltrs-Casual-Backpack-MDBKPECO50504/dp/B0757K36YV,,,,
DZert Clasy Laptop Bag College Bag for Boys Girls 21 L Nevy Blue,₹339,https://www.amazon.in/DZert-Girls-Polyester-White-Backpack/dp/B07H1BPCGQ,,,,
Gear DOUBLE DECKER 31L Water Resistant Laptop Bag/Backpack/Office Bag for Men/Women (Black),"₹1,482",https://www.amazon.in/Gear-DOUBLE-DECKER-Resistant-Backpack/dp/B0BTJ3WTMV,,,,
"GENIE Miami Casual Backpacks for Women, 14 inch, Stylish and Trendy College backpacks for girls, Water Resistant and Lightweight Mini Bags Latest collection (Rose)",₹749,https://www.amazon.in/Genie-Miami-litres-Casual-Backpack/dp/B07SRGQ2R4,,,,
"Safari Seek 32 Ltrs Overnighter Travel Laptop Backpack (Black), Water Resistant Spacious Bag for Travelling and Camping, All-Purpose Bag for Business & Leisure","₹1,949",https://www.amazon.in/Safari-Overnighter-Resistant-Travelling-All-Purpose/dp/B097JMR4M6,"Seek 32L is a compact offering from Safari's overnighter laptop backpack ranges. Equipped with a unique offering of luggage-like opening (or book opening), this bag is perfect to meet ALL your travel needs - Work or Adventure Leisure! Made out of water-resistant fabric & front panel design, it serves as a highly elegant look. On the inside, cross packing straps are provided to help organise your packing. With a 17"" laptop and a tablet compatibility compartment Seek 32 has a total capacity of 32 liters, provided with compression straps and breathable back mesh that prevents the back of the backpack from overheating. Go ahead and add this friendly Seek overnighter backpack to your travel collection, whether it be for a short business trip or a weekend getaway!",,"Product description    
 Seek 32L is a compact offering from Safari's overnighter laptop backpack ranges. Equipped with a unique offering of luggage-like opening (or book opening), this bag is perfect to meet ALL your travel needs - Work or Adventure Leisure! Made out of water-resistant fabric & front panel design, it serves as a highly elegant look. On the inside, cross packing straps are provided to help organise your packing. With a 17"" laptop and a tablet compatibility compartment Seek 32 has a total capacity of 32 liters, provided with compression straps and breathable back mesh that prevents the back of the backpack from overheating. Go ahead and add this friendly Seek overnighter backpack to your travel collection, whether it be for a short business trip or a weekend getaway!",Visit the Safari Store
ASTRID Round Textured Sling Bag For Girls With Zip,₹429,https://www.amazon.in/ASTRID-Round-Textured-Magical-Maroon/dp/B09DCTPZ2Q,,,,
Lavie Sport Charge 36 litres Backpack with Laptop Sleeve | School College Bag for Boys & Girls,₹839,https://www.amazon.in/Lavie-Sport-Casual-Backpack-Charge/dp/B083KW31YD,"Care Instructions: Do not expose to extreme heat    The CHARGE School backpack from Lavie Sport is a unique backpack built with water proof harlequin twill polyester fabric, premium interior lining for added strength and reliable performance    CHARGE backpack offers dedicated laptop sleeve, front pocket & multi-purpose organizer, 3 spaciuos zippered compartments & external pockets for bottle, umbrella etc for storage    It features padded back support for comfort and adjustable shoulder straps that helps to distribute the pack weight    External Dimension: 33 x 21 x 49 cm (LxWxH), Capacity – 36 litres.    Manufacturer warranty - 12 months",,,Visit the Lavie Sport Store
Cosmus Vogue Casual Laptop Backpack with USB Charger Port 44cm 26 Litre Grey College Bag,"₹1,358",https://www.amazon.in/Cosmus-Casual-Backpack-Charger-College/dp/B08D7D21FV,,,,
COSMUS Darwin Navy Blue Laptop Backpack for (15.6 inch),"₹1,333",https://www.amazon.in/COSMUS-Polyester-Navy-Laptop-Backpack/dp/B01FVQLLU0,,,,
"Storite PU Leather 14 Inch Laptop Shoulder Messenger Sling Office Business Travel Bag for Men & Women (Brown, 40cm x 29cm x 6cm)","₹1,059",https://www.amazon.in/Storite-Laptop-Briefcase-Messenger-Bag/dp/B08VWF41VX,,,,
Aristocrat Polyester Hard 60 Cms Luggage- Suitcase(Dfroo62Etbl_Teal Blue),₹999,https://www.amazon.in/Aristocrat-Rookie-Duffle-Teal-Blue/dp/B09NXV58V3,,,,
HARISSONS Bags Volt 15.6 inch Office Laptop Backpacks for Men and Women,"₹1,504",https://www.amazon.in/Harissons-Office-Laptop-Backpacks-Women/dp/B09D3YYYNG,,,,
NIVIA Sports Space Polyester Gym Bag/Unisex Gym Bags/Adjustable Shoulder Bag for Men/Duffle Gym Bags for Men/Fitness Bag/Sports and Travel Bag/Sports Kit/Duffle Bags Travel,₹580,https://www.amazon.in/Nivia-5412BY-Polyester-Sports-Yellow/dp/B017IPN5SI,,,,
Lavie Women's Chapada Satchel Bag | Ladies Purse Handbag,"₹1,069",https://www.amazon.in/Lavie-Chapada-Womens-Handbag-Black/dp/B07CT25R4H,,,,
Rainstream 12 Laptop Backpacks with rain Cover 37 LTR Casual Laptop Bags/Office Laptop Bags,₹899,https://www.amazon.in/Rainstream-Laptop-Backpacks-Casual-Office/dp/B091PTJWHK,,,,Brand: Rainstream
"ANNACREATIONS Stylish Mermaid Duffle Sports Dance Gymnastics Sports Gym Bag, Kids Travel Bag for Girls (Style 3)",₹375,https://www.amazon.in/ANNACREATIONS-Stylish-Mermaid-Duffle-Gymnastics/dp/B0BMGK1L2X,,,,
Protecta The Professional Laptop Bag Briefcase for Laptops with Screen Size Up to 15.6 Inch (Black & Indian Geometric Print),₹669,https://www.amazon.in/Protecta-Professional-15-6-inch-Briefcase-Geometric/dp/B07GNCRCP4,,,,
PUMA Laptop Backpack IND II Black-CASTLEROCK,"₹1,149",https://www.amazon.in/PUMA-Laptop-Backpack-IND-Black-CASTLEROCK/dp/B08BV2S9K1,,,,
"BROGBUS pu Leather Men Bag Casual Business Messenger Bag for Cross body Bag Male Shoulder Bags PU Leather Sling Messenger Bag (Brown, L- 10.05inch H- 11.5inch W- 3inch)",₹939,https://www.amazon.in/BROGBUS-Business-Messenger-Sling-10-05inch/dp/B09QLD9GJY,,,,
"SNDIA 2-Set Multipurpose Transparent Travel Pouch Makeup Toiletry Kit Bag Cosmetic Pouch for Women Makeup Organizer Bag Plastic Box Vanity, Shaving Kit Toiletry Bag for Men (23.5x15.5x10 cm)",₹398,https://www.amazon.in/SNDIA-Transparent-Storage-Cosmetic-Toiletry/dp/B095PFZLJR,,,,
Tinytot School Bag School Backpack College Backpack Travel Backpack Office Backpack Multipurpose Backpack Picnic Bag for Boys & Girls,₹589,https://www.amazon.in/Tinytot-School-Backpack-College-Multipurpose/dp/B09C5JVWCW,,,,
"Wearslim Gym Bag, Sports Edition PU Leather Gym Duffel Bag, Crossbody Bag, Gym Yoga Bag, Travel Shoulder Bag for Men and Women - Black",₹299,https://www.amazon.in/Wearslim-Sports-Leather-Crossbody-Shoulder/dp/B096B9SZWN,,,,
"EVRUM Sling Bag For Men CrossBody Backpack For Men Women, Anti-Theft Chest Bag With USB Charging Port, Waterproof Casual Shoulder Bag Travel Hiking Sling Backpack Carbon Fiber","₹1,619",https://www.amazon.in/EVRUM-Business-Protection-Crossbody-Waterproof/dp/B0BX6VKQ35,,,,
Martucci Large 35 L Backpack Spacy Unisex/College/School/Travel Backpack with Rain Cover and Reflective Strip,₹765,https://www.amazon.in/Martucci-Backpack-College-Reflective-Airport/dp/B0B7DVC3TL,,,,
Lavie Sport Atlantis Backpack with Laptop Sleeve | Men | Women | 15 inch Laptop Compatible | 3 compartments | Office Business Casual Bagpack,₹969,https://www.amazon.in/Lavie-Sport-Laptop-Backpack-BDEI323043M3/dp/B07VCKRMJ5,,,,
Lavie Sport Atlantis Backpack with Laptop Sleeve | Men | Women | 15 inch Laptop Compatible | 3 compartments | Office Business Casual Bagpack,₹969,https://www.amazon.in/Lavie-Sport-Laptop-Backpack-BDEI323043M3/dp/B07VCKRMJ5,,,,
Wooum Water Resistant Material Sling Bag/One Side Bag/Shoulder Bag/Messenger Bag/Office Messenger Bag/Travel Side Bag with 14.1 Inch Laptop Compartment -,₹474,https://www.amazon.in/Wooum-Resistant-Material-Messenger-Compartment/dp/B09KV7Y3KL,,,,
American Tourister Harp Wheel Duffle Trolley 62 CM Grey,"₹1,799",https://www.amazon.in/American-Tourister-Wheel-Duffle-Trolley/dp/B0BTHMMM38,,,,
"DIVULGE Multi Utility Drawstring Bag (Black , 16 L)",₹153,https://www.amazon.in/DIVULGE-Drawstring-Bag-Sports-Utility/dp/B07PXTDBH4,,,,
F Gear Bi Frost 47 cms Casual Laptop Backpack (2472) - Grey,₹699,https://www.amazon.in/F-Gear-Bi-Frost-Backpack-Grey/dp/B01JGD0FYM,,,,
House of Quirk Solid 16 Cms Cosmetic Pouch (M_MAKEUP_BAG_L_PINK_Pink),₹399,https://www.amazon.in/House-Quirk-Cosmetic-Toiletry-Reusable/dp/B095SBF21D,"Premium Quality - Soft & padded, reliable zippers, nice lining, every detail is delicately made. Our makeup bag would be a great holiday gift for women and girls.    Flexible HOOK&LOOP FASTENER Dividers - 2 big sections. Comes with a cosmetic bag.1 large section can easily accommodate your cosmetics such as foundation, concealer, mascara, eye shadow, powder, blush, lipstick, bronzer etc.    Separate Brushes Compartment - It comes with a separate space to hold your brushes and protect them from dust. Plus an extra makeup bag for items storage.    Water-resistant & Brilliant Colors - Water-resistant inside and outside and durable fabric protects your gear from spills, easy to wipe down. Our makeup bag have 4 brilliant colors for you to choose – PINK, BABY BLUE, GREY, GREEN.    Travel Companion & Best Gift - Practical yet compact design, weighing only 4.6 ounces, much lighter than a bulky makeup bag, so that's a major plus for traveling. The soft sides could easily fit in a crowded suitcase or bag with enough cushion. Best gift-cosmetic bag for women & girl. Makeup bag for women & girl.",,,Visit the House of Quirk Store
"URBAN CARRIER Unisex Waterproof Medium Laptop Backpack for School and Colleges (Grey, Large, 45 Liters)",₹559,https://www.amazon.in/Backpack-Colleges-Luggage-Waterproof-Stylish/dp/B09GYGCK54,,,,
TRUE HUMAN® 32 Ltr Laptop Backpack for Men and Women| USB Port Travel Backpack|College Bags for Girls & Boys (Blue),₹499,https://www.amazon.in/TRUE-HUMAN%C2%AE-Laptop-Backpack-College/dp/B0BKTQ48D5,,,,
"Storite Vintage Canvas Laptop Backpack for Women Men, School College Bag with USB Charging Port Fashion Backpack Fits 14Inch Notebook, (Brown,30x12x41 Cm)",₹749,https://www.amazon.in/Storite-Canvas-Backpack-Charging-Brown/dp/B0B7XBZYFS,,,,
Gear Superior 16LWater Resistant School Bag//Backpack/College Bag for Men/Women - Black,₹399,https://www.amazon.in/Gear-Superior-Casual-Backpack-BKPSPRIOR0001/dp/B08GY2ZN96,,,,
Half Moon Large 35L Laptop College School Travel Bag Backpack for Men Women Boys and Girls Luggage Travel Bags with 17.3 inches Laptop Compartment Rain Cover & Reflective Strips (Black),₹849,https://www.amazon.in/Half-Moon-Backpack-Compartment-Reflective/dp/B0BR2WGZD2,,,,
F Gear Luxur Anti Theft 25 Liters Laptop Backpack (Black),"₹1,238",https://www.amazon.in/F-Gear-Luxur-Anti-Theft-Backpack/dp/B07BW9WM9R,"Well this anti theft backpack has taken good features from both the ANTI THEFT BACKPACK as well as the normal backpack. So while we are having concealed zippers at the back for all the essential and important items, based on the feedback of many users we are now having two pockets in the front for non essentials as well as two water bottle holders on the outside. In essence this is a HYBRID ANTI THEFT BACKPACK. Added to that we are also having an attached rain cover with the bag making it completely water proof for all your essentials. Presenting to you the complete anti-theft backpack in the Market. ""LUXUR BLACK ANTI-THEFT"" with attached RAIN COVER only from ""F GEAR"". The laptop stow compartment has been provided with ample layers of protective padding to protect your valuable laptop. The bag can be opened partially around 90° for quick access or can be fully opened around 180° for complete access with everything visible at a glance, no more groping around in the bag. So if you are looking at an advanced version of THE ANTI THEFT BACKPACK. GO FOR IT!",,"Product description    
 Well this anti theft backpack has taken good features from both the ANTI THEFT BACKPACK as well as the normal backpack. So while we are having concealed zippers at the back for all the essential and important items, based on the feedback of many users we are now having two pockets in the front for non essentials as well as two water bottle holders on the outside. In essence this is a HYBRID ANTI THEFT BACKPACK. Added to that we are also having an attached rain cover with the bag making it completely water proof for all your essentials. Presenting to you the complete anti-theft backpack in the Market. ""LUXUR BLACK ANTI-THEFT"" with attached RAIN COVER only from ""F GEAR"". The laptop stow compartment has been provided with ample layers of protective padding to protect your valuable laptop. The bag can be opened partially around 90° for quick access or can be fully opened around 180° for complete access with everything visible at a glance, no more groping around in the bag. So if you are looking at an advanced version of THE ANTI THEFT BACKPACK. GO FOR IT!",Visit the F Gear Store
Toil Moil Combo 4 Bag Panda Cute Kitty Mickey Red-Spider of Kids Bags for School 10Ltr,₹374,https://www.amazon.in/Toil-Moil-Mickey-Red-Spider-School/dp/B0BVMT6F5W,,,,
F Gear Tandrum V2 Leather 28 Liters Laptop Backpack Sch Bag(Black),"₹1,145",https://www.amazon.in/F-Gear-Tandrum-Leather-Laptop-Backpack/dp/B071GY723F,,,,
"The Purple Tree Fatty Tote Bag For Women, Women Fatty Tote Bag, Handbag, Women Handbag, Women Bag, Handbag for Women, Women's Tote, Gift For Women F",₹599,https://www.amazon.in/Purple-Tree-Womens-Tote-FATTYTOTE00008_Multicolored/dp/B084D9XWGK,,,,
Lavie Sport Perk 36 litres Backpack with Laptop Sleeve | School College Bag for Boys & Girls,₹849,https://www.amazon.in/Lavie-Sport-Casual-Backpack-PERK/dp/B083KT22HZ,,,,
Skybags Kick 24L Unisex Adjustable Strap Polyester Blue Laptop Backpack,"₹1,459",https://www.amazon.in/Skybags-Unisex-Adjustable-Polyester-Backpack/dp/B0BJ763F7Y,,,,
FATMUG Laptop Bag For Men - Convertible Backpack For Office And Travel (Light Grey Oxford Fabric),"₹1,499",https://www.amazon.in/FATMUG-Laptop-Bag-Men-Convertible/dp/B084LFX8ZZ,,,,
HEROZ Hammer Unisex Nylon 35 L Travel Laptop Backpack Water Resistant Slim Durable Fits Up to 17.3 Inch Laptop Notebook (Black),"₹1,199",https://www.amazon.in/HEROZ-Backpack-Resistant-Durable-Notebook/dp/B09B7KC93T,,,,
NIVIA Deflate Round 01 Polyester Gym Bag/Unisex Gym Bags/Adjustable Shoulder Bag for Men/Duffle Gym Bags for Men/Carry Gym Accessories/Fitness Bag/Sports &Travel Bag/Gym kit Bag,₹369,https://www.amazon.in/Nivia-Deflate-5180BK-Polyester-Round/dp/B07222KX3S,,,,
"The Purple Tree Multifunction Waterproof Laptop Travel Backpack with Shoe Compartment, Shoulder Bag, 35 L Laptop Backpack with USB Charging, Flight Cabin Backpack, Antitheft Zipper Bag","₹2,499",https://www.amazon.in/Purple-Tree-Multifunction-Waterproof-Compartment/dp/B0BKSXQBXX,,,,
"SFANE Polyester 23 cms Navy Blue Gym Bag, Shoulder Bag, Sports Bag for Men & Women with Separate Shoes Compartment (Blue)",₹437,https://www.amazon.in/SFANE-Duffel-Shoulder-Women-Compartment/dp/B07ZC77WTW,,,,
Kore Regular Gym Bag,₹59,https://www.amazon.in/Kore-K-REGULAR-GYM-BAG-Regular-Gym-Bag/dp/B09VLK27NF,,,,
ADISA Women Girls Floral Print Sling Bag,₹495,https://www.amazon.in/ADISA-Women-Girls-Floral-SL5072-CRE_Cream/dp/B09B56BCXR,,,,
"SHALIMAR large capacity Travel bag / Storage bag / Move-in bags/ Duffel Bag - Strong, Durable , Foldable and Water Resistant ( Pack of 1 ) ( Blue )",₹259,https://www.amazon.in/Shalimar-Capacity-Travel-Storage-Duffel/dp/B09TPHFMX7,About this item    Easy Backpack to carry<br><br>    Convenient Handles<br><br>    Easy to fold and Store<br><br>    Sturdy and Durable<br><br>    Closure Type: Zipper; Strap Type: Adjustable; Handle Type: Web Handle<br>,,,Brand: SHALIMAR
Half Moon 30L Waterproof 15.6 inch Laptop Office School College Bag Backpack for Men Women Boys & Girls,₹589,https://www.amazon.in/Half-Moon-Waterproof-Laptop-Backpack/dp/B09QM9N1B3,,,,
Wildcraft Work Packs'18 21 Ltrs Black Laptop Backpack (Streak Plus),"₹1,549",https://www.amazon.in/Wildcraft-Packs18-Laptop-Backpack-Streak/dp/B07FC4D9B5,,,,
MOKOBARA The Transit Backpack Laptop Bag for Men and Women,"₹5,999",https://www.amazon.in/Mokobara-Transit-Backpack-Laptop-Sunray/dp/B09V7R98XC,,,,
NORTH ZONE Casual Waterproof Laptop Backpack/Office Bag/School Bag/College Bag/Business Bag/Travel Backpack (Dimensions:13x18 inches) (Compatible with 39.62cm(15.6inch laptop) 30 L,₹569,https://www.amazon.in/NORTH-ZONE-Waterproof-Backpack-Dimensions/dp/B0BS6QM2GD,,,,
Contacts 15 inch Everyday Laptop Versatile Backpack with USB Charging Port | Multi functional Bagpack (Grey)…,₹999,https://www.amazon.in/CONTACTS-Backpack-Lighweight-Versatile-Charging/dp/B085WPWY1W,,,,
"Golden Wolf Laptop Bag Anti-theft Backpack with Lock College School Laptop Backpack with Rain Cover Water Resistant Business Backpack with USB Port for 15.6-inch Laptop Office Travel Bag for Men and Women Gifts, Dark Grey","₹1,946",https://www.amazon.in/Hoteon-Backpack-Anti-Theft-Earphone-Resistant/dp/B08HM4TQZZ,,,,
"Safari Spartan 21 Ltrs Water Resistant Backpack - Blue, S (SPARTAN19CBBLU)",₹599,https://www.amazon.in/Safari-Spartan-Water-Resistant-Backpack/dp/B09B26MB5M,,,,
Contacts 15 inch Everyday Laptop Versatile Backpack with USB Charging Port | Multi functional Bagpack (Grey)…,₹999,https://www.amazon.in/CONTACTS-Backpack-Lighweight-Versatile-Charging/dp/B085WPWY1W,,,,
"Golden Wolf Laptop Bag Anti-theft Backpack with Lock College School Laptop Backpack with Rain Cover Water Resistant Business Backpack with USB Port for 15.6-inch Laptop Office Travel Bag for Men and Women Gifts, Dark Grey","₹1,946",https://www.amazon.in/Hoteon-Backpack-Anti-Theft-Earphone-Resistant/dp/B08HM4TQZZ,,,,
Gear Workspace 18L Water Resistant Laptop Bag/Backpack/Office Bag for Men/Women-Black,₹879,https://www.amazon.in/Gear-Workspace-Briefcase-Black-Red-BKPWRPHYD0101/dp/B097KGL2M5,,,,
"Nivia 5227 Pulse Junior Bag, Others (Orange) (Sky Blue)",₹294,https://www.amazon.in/Nivia-5227-Pulse-Junior-Others/dp/B08D7QG33Z,,,,
ASTRID Women's Round Sling Bag with Pompoms (Brown),₹499,https://www.amazon.in/ASTRID-Womens-Round-Sling-Pompoms/dp/B08VS8JBNK,,,,
Lenovo 15.6-inch Casual Laptop Briefcase T210,₹799,https://www.amazon.in/Lenovo-Carrying-15-6-Inch-Toploader-GX40Q17229/dp/B075Y6Y9H5,,,,
POLICE Polyester 35 Ltr Laptop Big Low Spec Laptop Backpack - Black/Navy,"₹1,569",https://www.amazon.in/Police-Polyester-Laptop-Spec-Backpack/dp/B07ZB8NWTZ,,,,
Tabelito® Casual 15.6 Inch (39.6 cm) Water Repellent Laptop Backpack Office College School Business Travel Bag Suitable for Men Women Boys & Girls Capacity 25 Litre (Grey),₹549,https://www.amazon.in/Tabelito-Laptop-Backpack-15-6-inch-Repellent/dp/B08Y3L4PHK,,,,
"WILD MODA Women's Shoulder Bag, Set of 1",₹849,https://www.amazon.in/WILD-MODA-Womens-Shoulder-Turquoise/dp/B099PLT91X,,,,
TRUE HUMAN Anti-Theft and USB charging port backpack with security lock Laptop bag|office bag| for men and women (Grey),₹585,https://www.amazon.in/TRUE-HUMAN-Anti-Theft-charging-combination/dp/B09H7PK5ML,,,,
"DYAZO Water Resistant Camera Bag/Case Shoulder Strap Space for Photography Lens and Accessories Compatible for Nikon, Canon, Sony, Panasonic, Samsung & Other SLR/DSLR etc (Black & Silver)",₹599,https://www.amazon.in/Resistant-Photography-Accessories-Compatible-Panasonic/dp/B0BRJLWQ6R,,,,
DZert Kids School Bag Soft Plush Backpacks Cartoon Boys Girls Baby (2-5 Years),₹239,https://www.amazon.in/DZert-School-Backpacks-Cartoon-Marshall/dp/B07WKM1YZC,,,,
Tabelito® Laptop Bag For Men and women Briefcase 15.6 Inch (39.6 cm) Messenger Side Shoulder Travel bags for mens Water Resistant gifts office bag for men,₹549,https://www.amazon.in/Tabelito-Office-Laptop-Briefcase-Women/dp/B08FKXCJNQ,,,,
"FUR JADEN Anti Theft Number Lock Backpack Bag with 15.6 Inch Laptop Compartment, USB Charging Port & Organizer Pocket for Men Women Boys Girls",₹699,https://www.amazon.in/Number-Backpack-Compartment-Charging-Organizer/dp/B09VTC876Z,,,,
Wildcraft Turnaround Polyester 14 inch 27 Ltrs Blue Laptop Bag (8903340000000),"₹1,797",https://www.amazon.in/Wildcraft-Turnaround-Polyester-Laptop-8903340000000/dp/B012D4QWES,,,,
Lavie Women's Pavo Tote Bag | Ladies Purse Handbag,₹760.25,https://www.amazon.in/Lavie-Pavo-Womens-Tote-Navy/dp/B07YY1PJ3H,,,,
"Storite Stylish Multi-Pocket Small Sling Cross Body Travel Messenger One Side Shoulder Bag for Men & Women (Brown, 20.5x9x16.5cm)",₹798,https://www.amazon.in/Storite-Leather-Sling-Bag-Brown/dp/B08TR8RMNH,"Messenger Sling Bag Dimension: Length (Horizontal Distance) – 16.5cm, Height – 20.5cm, Width – 9cm. Small capacity but perfectly fits up to 10” Tablet.    Material: Leather Side Bag is Made of PU Leather with Zipper.    Crossbody Sling Bag Structure: A total of 4 pockets(1 Front side pocket,2 Main Pockets,1 Rear Zipper Pocket)    Ideal Application: Use this bag as a messenger Sling bag, shoulder bag, suitable for your office and business for everyday use.    Disclaimer: The product in image may appear bigger or smaller than the real product. kindly read the dimension and check with any scale available to you before placing order.",,,Brand: Storite
FUR JADEN Vegan Leather 30L 15.6 Inch Laptop Backpack for Men Women for Office Professionals and College Students,₹899,https://www.amazon.in/Fur-Jaden-resistant-Backpack-BM100_Brown/dp/B07P5X6NSN,,,,
Lify Women's Retro Large Size Canvas Shoulder Bag Hobo Crossbody Handbag Casual Tote - 1 Piece,₹320,https://www.amazon.in/Lify-Womens-Shoulder-Crossbody-Handbag/dp/B09JWMW646,,,,
Amazon Basics 20 ltrs Casual/Travel/College Backpack for 15.6-inch Laptop | Water Resistant Fabric,₹459,https://www.amazon.in/Amazon-Basics-Casual-Backpack-15-6-inch/dp/B09W4WJ1CB,,,,
"F Gear Blow Laptop Backpack With Rain Cover 32 Liters (Red,Grey) Sch Bag","₹1,014",https://www.amazon.in/F-Gear-Blow-Laptop-Backpack-Red/dp/B0749MPCFT,,,,
Gear Bounce 27 Ltrs Water Resistant School Bag/Backpack/College Bag for Men/Women-Grey Orange,₹593,https://www.amazon.in/Gear-Bounce-Backpack-Grey-Orange-BKPBOUNCE0604/dp/B097KCLF5F,,,,
NETTIE Cotton Carry Bag with Strap and Drawstring for Yoga Mat- Big Size,₹198,https://www.amazon.in/NETTIE-Cotton-Carry-Strap-Drawstring/dp/B08LBT1R9J,About this item    PLEASE NOTE: Suitable for Yoga Mat With 5MM TO 10MM THICKNESS AND DIMENSIONS UP TO 2 FT WIDTH X 6 FT. LENGTH. Cotton carry bag for yoga mat for storing and carrying your yoga mat with ease<br>    Made of premium grade cotton material<br>    High quality drawstring rope for closure<br>    Cross strap for carrying on shoulder with ease<br>    Reinforced base with double-stitch for srtength and durability<br>,,"Product information 
      Technical Details         Manufacturer  
                ‎Greenwell Specialty Healthcare Pvt. Ltd.     Country of Origin  
                ‎India     Item part number  
                ‎NMAT-BAG-BIG     ASIN  
                ‎B08LBT1R9J               Additional Information     Manufacturer   Greenwell Specialty Healthcare Pvt. Ltd., Greenwell Specialty Healthcare Pvt. Ltd. | Customer care :+91 9742858613 | Email - online@greenwelhealthcare.com     Item Weight   50 g     Included Components   1 Yoga Mat cotton carry bag     Generic Name   Yoga Mat carry bag     Best Sellers Rank    #283 in Sports, Fitness & Outdoors (See Top 100 in Sports, Fitness & Outdoors)  #3 in Yoga Mat Bags              Feedback                                               

 Would you like to   tell us about a lower price?
                
 
 







NETTIE Cotton Carry Bag with Strap and Drawstring for Yoga Mat- Big Size
Share: 





Found a lower price? Let us know.
Where did you see a lower price?









Website (Online)








URL:





Price incl. VAT:
                                                    (INR)
                                                





Shipping cost:
                                                    (INR)
                                                





Date of the price:







01
02
03
04
05
06
07
08
09
10
11
12














                                                            /
                                                        





01
02
03
04
05
06
07
08
09
10
11
12
13
14
15
16
17
18
19
20
21
22
23
24
25
26
27
28
29
30
31














                                                            /
                                                        
































Store (Offline)








Store name:







Town/City:





State:



Please select province




Please select province







Price incl. VAT:
                                                    (INR)
                                                





Date of the price:






01
02
03
04
05
06
07
08
09
10
11
12














                                                        /
                                                    





01
02
03
04
05
06
07
08
09
10
11
12
13
14
15
16
17
18
19
20
21
22
23
24
25
26
27
28
29
30
31














                                                        /
                                                    






























                        Please sign in to provide feedback. 








Submit Feedback",Visit the NETTIE Store
Gear Classic 20L Faux Leather Water Resistant Anti Theft Laptop Bag/Backpack for Men/Women-Tan,₹990,https://www.amazon.in/Classic-Leather-Laptop-Backpack-LBPCLSLTH1901/dp/B07G4CYC74,,,,
"Lunar's 35 L Laptop Office/School/Travel/Business Backpack Water Proof - Fits Up to 15.6 Inch Laptop Notebook, With Raincover, Inside Organiser and 1 Year Warranty (All)",₹849,https://www.amazon.in/Lunars-Router-Resistant-Raincover-Organiser/dp/B08YR63B9M,,,,
Half Moon Valex Unisex School Bag/Laptop Backpack/College Bagpack/Office Back Packed | Laptop Bag for Men & Women | School Bags for Boys & Girls with Small Pockets & Laptop Compartment,₹549,https://www.amazon.in/Half-Moon-Laptop-Bag-Compartment/dp/B0C1NZLF67,,,,
American Tourister SPIN LAPTOP BACKPACK 28L POLYESTER TEAL,"₹1,399",https://www.amazon.in/American-Tourister-LAPTOP-BACKPACK-POLYESTER/dp/B0BLCC945Z,,,,
"Safari Seek 32 Ltrs Overnighter Travel Laptop Backpack (Blue), Water Resistant Spacious Bag for Travelling and Camping, All-Purpose Bag for Business & Leisure","₹1,899",https://www.amazon.in/Safari-Overnighter-Resistant-Travelling-All-Purpose/dp/B097JM98M1,"Seek 32L is a compact offering from Safari's overnighter laptop backpack ranges. Equipped with a unique offering of luggage-like opening (or book opening), this bag is perfect to meet ALL your travel needs - Work or Adventure Leisure! Made out of water-resistant fabric & front panel design, it serves as a highly elegant look. On the inside, cross packing straps are provided to help organise your packing. With a 17"" laptop and a tablet compatibility compartment Seek 32 has a total capacity of 32 liters, provided with compression straps and breathable back mesh that prevents the back of the backpack from overheating. Go ahead and add this friendly Seek overnighter backpack to your travel collection, whether it be for a short business trip or a weekend getaway!",,"Product description    
 Seek 32L is a compact offering from Safari's overnighter laptop backpack ranges. Equipped with a unique offering of luggage-like opening (or book opening), this bag is perfect to meet ALL your travel needs - Work or Adventure Leisure! Made out of water-resistant fabric & front panel design, it serves as a highly elegant look. On the inside, cross packing straps are provided to help organise your packing. With a 17"" laptop and a tablet compatibility compartment Seek 32 has a total capacity of 32 liters, provided with compression straps and breathable back mesh that prevents the back of the backpack from overheating. Go ahead and add this friendly Seek overnighter backpack to your travel collection, whether it be for a short business trip or a weekend getaway!",Visit the Safari Store
"Genie Flamenco Laptop Backpack for Women, 16 inches Office Bag, Sky Blue Stylish and Trendy Bag for Office and College",₹799,https://www.amazon.in/Genie-Flamenco2-Backpack-Compatible-Resistant/dp/B08YF1XJXY,,,,
"SKYTONE 12cms Large Capacity Cosmetic Travel Bag, Women's Makeup Travel Bag Portable Leather Cosmetics Bag, Makeup Storage Bags with Handle and Divider, Wide Opening Cosmetic/Makeup Organizer (L_Pink)",₹749,https://www.amazon.in/SKYTONE-Cosmetic-Bag-Cosmetics-Organizer/dp/B0BV358QKF,,,,
"Arctic Hunter Backpack,Original 41L Expandable Laptop Bag Business Travel Backpack with 17 inch Laptop Pocket 3 in 1 Convertible Laptop Backpack Tech Bag with USB Charging Port Water-resistant Multiple Compartments Large Capacity Bag for Men Women Travel Business College","₹3,419",https://www.amazon.in/Adjustable-Backpack-Charging-Resistant-Bussiness/dp/B084NZFNGS,,,,
"Hammonds Flycatcher Genuine Leather Laptop Bag for Men/Office Bag for Men, Brown | Fits Upto 16 Inch Laptop/MacBook | Leather Bag with Shoulder Straps | Laptop Messenger Bag/Leather Bag for Men","₹2,899",https://www.amazon.in/Hammonds-Flycatcher-Brown-Mens-Laptop/dp/B01LYDRI9V,,,,
Gear ECO 1 Black Orange Red Laptop Backpack,₹759,https://www.amazon.in/Gear-Polyester-Laptop-Backpack-LBPECO1000109/dp/B012NW1H1I,,,,
"Puma Unisex-Adult Big Cat Backpack, Fizzy Apple (9018404)",₹999,https://www.amazon.in/Puma-Unisex-Adult-Backpack-Fizzy-9018404/dp/B0BWF2BNBP,,,,
"House of Quirk Clear Toiletry Bag, Wash Make Up Bag PVC Waterproof Zippered Cosmetic Bag, Portable Carry Pouch for Women Men (Set of 3 Bag Black)",₹475,https://www.amazon.in/House-Quirk-Toiletry-Waterproof-Zippered/dp/B09G364GX5,,,,
"The Deal Men's 15.6 Inch Polyester Casual Laptop Backpack, Travel Computer Bag Water Resistant College Work School Bag (Blue)",₹399,https://www.amazon.in/Deal-Polyester-Backpack-Computer-Resistant/dp/B08RC39B71,,,,
BAG CORNER Travel Woman and Clothing Duffel Bag (Ten),₹799,https://www.amazon.in/BAG-CORNER-Travel-Clothing-Duffel/dp/B0B6VNJ3YG,,,,
"YASH Bag for Boys and Girls Blue Color, 15.6 inch 25 L Casual Waterproof Laptop Backpack/Office Bag/School Bag/College Bag","₹29,499",https://www.amazon.in/Casual-Waterproof-Laptop-Backpack-College/dp/B0C3XG81XS,,,,
"F Gear Fortune Navy Blue, Red 27 Liters Laptop Backpack (2700)",₹884,https://www.amazon.in/F-Gear-Fortune-Backpack-Navy-Blue/dp/B07B7K7212,,,,
ADISA 32L Large Laptop Backpack Office Bag College Travel Back Pack with rain Cover (Navy),₹599,https://www.amazon.in/ADISA-Laptop-Backpack-Office-College/dp/B0BVRJYD9Q,"High Quality large and spacious laptop backpack with 2 compartments and 2 front easy-access pockets. One compartment is for carrying laptop inside with padding for safety and space for laptop accessories like charger, etc. Other compartment has organiser for pens, visiting cards, etc along with space for carrying papers, files, etc. It has provision for holding bottles on both sides and has padded shoulder straps for your comfort. It comes with a full sized rain cover.",,"Product description    
 High Quality large and spacious laptop backpack with 2 compartments and 2 front easy-access pockets. One compartment is for carrying laptop inside with padding for safety and space for laptop accessories like charger, etc. Other compartment has organiser for pens, visiting cards, etc along with space for carrying papers, files, etc. It has provision for holding bottles on both sides and has padded shoulder straps for your comfort. It comes with a full sized rain cover.",Visit the ADISA Store
Skybags Unisex Grey Jacqard 34L Laptop Bags,"₹1,149",https://www.amazon.in/Skybags-Unisex-Grey-Jacqard-Laptop/dp/B09ZV9SLBJ,,,,
Lino Perros Women Handbag,"₹1,303",https://www.amazon.in/Lino-Perros-Womens-Handbag-Black/dp/B07L4PQJ42,,,,
"uppercase Medium 17 Ltrs Vegan Leather (upto 14 inch) Laptop Backpack 2300EBP1 3x more water resistant sustainable bags with rain proof zippers for Men, Women, Boys and Girls, 750 Days warranty","₹1,600",https://www.amazon.in/uppercase-Backpack-2300EBP1-repellent-sustainable/dp/B0B69M182Q,,,,
"MosQuick® Clear large Drawstring Bags Clear Plastic Travel Bags, Travel Garments Organizing Storage Plastic Bags ,Shoe bags , Stationery Bag,multipurpose bag - Translucent",₹294,https://www.amazon.in/MosQuick%C2%AE-Drawstring-Organizing-Stationery-multipurpose/dp/B09SB42QFQ,,,,
Tabelito® VOLT Casual waterproof Laptop Backpack/Office bag/School bag/College bag/Business bag/Unisex bag Travel bag Compatible with 15.6 inch Laptop 30L Bag for Men and Women - GREY,₹599,https://www.amazon.in/Tabelito%C2%AE-VOLT-waterproof-Backpack-Compatible/dp/B0BML7Q3J1,"LAPTOP BAG FEATURE: VOLT Laptop Backpack for Travel, Business and Work with Lots of Space & Pockets --- Separate laptop compartment that can accommodate laptops up to 15.6 inches, and large main space with store books, wallets, clothes and other daily necessities. Multifunctional pockets in the main compartment can hold pens, cards, keys, etc. to keep your belongings in order. The external front zipper and two side pockets are also good choices for water bottle or umbrella.    SPADDED LAPTOP SLEEVE AND INTERNAL ORGANISER : : The Backpack has a padded laptop compartment that can fit 15.6 inch laptop. It can also accommodate essentials such as a Lunch box, Charger, Tablet, Books, Power Bank, Wallet, and Sunglass. Dimension(L*W*D): 44*32*16 cm    ERGONOMIC DESIGN: Thick cushioning around the shoulders and on the back panel makes the backpack super light and comfortable on the move. Water Resistant Material: Advanced PVC coating on the material ensures resistance to water entering from any direction.    MULTI LEVEL ORGANIZER: The backpack has a front zipper pocket for the ID card, Sanitizer, House keys, Pen. First compartment with pockets for the earphones, pens, notebook, Fitness Band. Spacious second compartment for all your electronics.    MADE IN INDIA: TABELITO VOLT Casual Backpack is fully manufactured in India and pass through stringent quality tests and checks.The Tabelito Delta casual backpack comes with 6 month of warranty    
› See more product details",,"Tabelito® VOLT Casual waterproof Laptop Backpack Information
      Technical Details         Brand  
                ‎Tabelito     Manufacturer  
                ‎‎Tabelito Trade India, ‎Tabelito Trade India, ‎Tabelito, Prop No: 5, Ground Floor, Kh No:641, Village Rithala, Land Mark: Near Suzuki service center (Rithala)     Model  
                ‎VOLT     Model Name  
                ‎VOLT     Product Dimensions  
                ‎20 x 27 x 39 cm; 449 Grams     Item model number  
                ‎VOLT     Special Features  
                ‎Laptop Compartment, Lightweight, Cell Phone Holder, Bottle Holder, Water Resistant     Mounting Hardware  
                ‎Laptop Backpack     Number of items  
                ‎1     Batteries Included  
                ‎No     Batteries Required  
                ‎No     Material  
                ‎Polyester     Manufacturer  
                ‎‎Tabelito Trade India     Country of Origin  
                ‎India     Item Weight  
                ‎449 g               Additional Information     ASIN   B0BML7Q3J1    Customer Reviews  

 
   4.8  4.8 out of 5 stars    
    176 ratings   


 4.8 out of 5 stars     Best Sellers Rank    #89,618 in Electronics (See Top 100 in Electronics)  #1,396 in Laptop Backpacks       Date First Available   1 December 2022     Packer   Tabelito Trade India     Importer   Tabelito Trade India, Prop No: 5, Ground Floor, Kh No:641, Village Rithala, Land Mark: Near Suzuki service center (Rithala), Contact : +919958166528     Item Dimensions LxWxH   20 x 27 x 39 Centimeters     Net Quantity   1 Count     Generic Name   Laptop Backpack            Feedback                                               

 Would you like to   tell us about a lower price?
                
 
 







Tabelito® VOLT Casual waterproof Laptop Backpack/Office bag/School bag/College bag/Business bag/Unisex bag Travel bag Compatible with 15.6 inch Laptop 30L Bag for Men and Women - GREY
Share: 





Found a lower price? Let us know.
Where did you see a lower price?









Website (Online)








URL:





Price incl. VAT:
                                                    (INR)
                                                





Shipping cost:
                                                    (INR)
                                                





Date of the price:







01
02
03
04
05
06
07
08
09
10
11
12














                                                            /
                                                        





01
02
03
04
05
06
07
08
09
10
11
12
13
14
15
16
17
18
19
20
21
22
23
24
25
26
27
28
29
30
31














                                                            /
                                                        
































Store (Offline)








Store name:







Town/City:





State:



Please select province




Please select province







Price incl. VAT:
                                                    (INR)
                                                





Date of the price:






01
02
03
04
05
06
07
08
09
10
11
12














                                                        /
                                                    





01
02
03
04
05
06
07
08
09
10
11
12
13
14
15
16
17
18
19
20
21
22
23
24
25
26
27
28
29
30
31














                                                        /
                                                    






























                        Please sign in to provide feedback. 








Submit Feedback",Visit the Tabelito Store
URBAN WOLF 30L Casual Dual Compartment Water Resistant Laptop Backpack Unisex Bags for Office/Travel/Business/College/School (Black),₹719,https://www.amazon.in/Business-Casual-Compartment-Resistant-Backpack/dp/B08N6HSJJ5,,,,
"Frantic Velvet Kids Soft Cartoon Animal Travelling School Bag Soft Plush Backpacks Baby Girls Boys for 2 to 5 Years Baby/Boys/Girls Nursery, Picnic,Preschool",₹279,https://www.amazon.in/Frantic-Soft-Elephant-Velvet-Plush/dp/B07P9JFYZ5,,,,
DAHSHA Stylish Nylon Sling Cross Body Travel Bag for Business Office Messenger One Side Shoulder Carry Handbag Bag For Men & Women (35X18x25 CM-grey),₹694,https://www.amazon.in/DAHSHA-Multipurpose-Travel-Duffel-13X7x11-inch/dp/B07GCLJTZF,,,,
PLAYY BAGS Large 35 L Laptop Bag/Backpack for Men Women Boys Girls Office School College Teens & Students Navy Blue,₹599,https://www.amazon.in/PLAYY-BAGS-Backpack-College-Students/dp/B099N8JRVJ,,,,
Tommy Hilfiger Jaylen Unisex Polyester 15 Inch Laptop Backpack Black,"₹2,099",https://www.amazon.in/Tommy-Hilfiger-Jaylen-Polyester-Backpack/dp/B0BBQH4HNM,"One of the leading lifestyle brands, TOMMY HILFIGER delivers superior styling, quality and value to consumers worldwide. The brand celebrates the essence of classic American cool and provides a refreshing twist to classic, American fashion. The brand is inspired by an iconic American style that is colorful while being classic yet modern.",,"Product description    
 One of the leading lifestyle brands, TOMMY HILFIGER delivers superior styling, quality and value to consumers worldwide. The brand celebrates the essence of classic American cool and provides a refreshing twist to classic, American fashion. The brand is inspired by an iconic American style that is colorful while being classic yet modern.",Visit the Tommy Hilfiger Store
Half Moon 35 L Casual Waterproof Laptop Bag/Backpack for Men Women Boys Girls/Office School College Teens & Students with Rain Cover (18 Inch) (Sky Blue),₹599,https://www.amazon.in/Half-Moon-Waterproof-Backpack-Students/dp/B0BQFVH29F,,,,
"Red Lemon Swiss Cut Design 15.6 Inch Smart Laptop Backpack Bag With USB Charging Port, Anti Theft Pocket and Accessories Organiser for Men Women Boys Girls","₹1,899",https://www.amazon.in/Red-Lemon-Backpack-Accessories-Organiser/dp/B0C2KRH268,,,,
Skybags polyester 28 Cms Duffle Bag(SKYBAGS_DFHUS55ONG_Orange),"₹1,530",https://www.amazon.in/SKYBAGS-Unisex-Luggage-Duffel-Bag-DFHUS55ONG/dp/B07F342RQD,,,,
Arctic Fox 27 Liters Chrome Black 15 Inch Laptop Backpack,"₹1,599",https://www.amazon.in/Arctic-Fox-Liters-Chrome-Backpack/dp/B08DD7S67G,,,,
HEROZ Hacker 50 litres Nylon Travel Laptop Backpack Water Resistant Slim Durable Computer Book Bag Tracking Fits Up to 17.3-inch Laptop (058- ALL) (Navy Blue),"₹1,599",https://www.amazon.in/HEROZ-Backpack-Resistant-Computer-17-3-inch/dp/B083N3DCTM,,,,
Birthday Popper Drawstring Sack Bag (Set of 15) Birthday Return Gifts for All Age Group,₹599,https://www.amazon.in/Birthday-Popper-Unicorn-Drawstring-Return/dp/B097FSPNCS,,,,
Birthday Popper Drawstring Sack Bag (Set of 15) Birthday Return Gifts for All Age Group,₹589,https://www.amazon.in/Birthday-Popper-Avengers-Drawstring-Return/dp/B097F8CW71,,,,
"Tabelito® NEO 3O L Water Resistant Laptop/College/Office/School/Travel/Business Bag, Unisex Backpack for Men Women Fits Up to 15.6 Inch Laptop Notebook.",₹398,https://www.amazon.in/Tabelito-NEO-Backpack-Business-Compartment/dp/B0C2D2XC4H,,,,
F Gear Burner P8 19 Ltrs White Casual Laptop Backpack,₹692.95,https://www.amazon.in/F-Gear-Burner-Casual-Laptop-Backpack/dp/B016115VXW,,,,
TriPole Foldable PAKEASY Backpack and Day Bag for Hiking and Day Trips,₹599,https://www.amazon.in/Tripole-Foldable-PAKEASY-Backpack-Hiking/dp/B0B24Q1XX3,,,,
"AmazonBasics Water Repellent and Wear Resistant Laptop Backpack - 24L, Blue",₹709,https://www.amazon.in/Amazon-Basics-Laptop-Backpack-Repellent/dp/B09W43XLBY,,,,
"NISUN Stylish Nylon 7 Zipper Multi Pocket Small Sling Cross Body Travel Messenger One Side Shoulder Bag For Men Women (Black & Grey,21x27x10.5 cm)",₹598,https://www.amazon.in/NISUN-Zipper-Sling-Black-Grey/dp/B09BZNTFLX,,,,
Tommy Hilfiger Emanuel Unisex Polyester 15 Inch Laptop Backpack Navy,"₹1,850",https://www.amazon.in/Tommy-Hilfiger-Emanuel-Polyester-Backpack/dp/B0BDSGTJX3,"One of the leading lifestyle brands, TOMMY HILFIGER delivers superior styling, quality and value to consumers worldwide. The brand celebrates the essence of classic American cool and provides a refreshing twist to classic, American fashion.",,"Product description    
 One of the leading lifestyle brands, TOMMY HILFIGER delivers superior styling, quality and value to consumers worldwide. The brand celebrates the essence of classic American cool and provides a refreshing twist to classic, American fashion.",Visit the Tommy Hilfiger Store
"Storite PU Leather 14 Inch Laptop Shoulder Messenger Sling Office Business Travel Bag for Men & Women (Brown, 40cm x 29cm x 6cm)","₹1,059",https://www.amazon.in/Storite-Laptop-Briefcase-Messenger-Bag/dp/B08VWF41VX,,,,
"Foldable Travel Duffel Bag,Sport Totes,Shoulder Shopping Bag,Luggage Bag,2 Pack (Pink+Blue)",₹399,https://www.amazon.in/Foldable-Travel-Shoulder-Shopping-Luggage/dp/B07VCRL9H3,,,,
Arctic Fox 27 Liters Zinc Deep Dive 15 Inch Laptop Backpack,"₹1,398.90",https://www.amazon.in/Arctic-Fox-Liters-Laptop-Backpack/dp/B08DD7PWD3,,,,
Aristocrat Polyester Hard 60 Cms Luggage- Suitcase(Dfroo62Etbl_Teal Blue),₹999,https://www.amazon.in/Aristocrat-Rookie-Duffle-Teal-Blue/dp/B09NXV58V3,,,,
HARISSONS Bags Volt 15.6 inch Office Laptop Backpacks for Men and Women,"₹1,504",https://www.amazon.in/Harissons-Office-Laptop-Backpacks-Women/dp/B09D3YYYNG,,,,
NIVIA Sports Space Polyester Gym Bag/Unisex Gym Bags/Adjustable Shoulder Bag for Men/Duffle Gym Bags for Men/Fitness Bag/Sports and Travel Bag/Sports Kit/Duffle Bags Travel,₹580,https://www.amazon.in/Nivia-5412BY-Polyester-Sports-Yellow/dp/B017IPN5SI,,,,
Lavie Women's Chapada Satchel Bag | Ladies Purse Handbag,"₹1,069",https://www.amazon.in/Lavie-Chapada-Womens-Handbag-Black/dp/B07CT25R4H,,,,
Rainstream 12 Laptop Backpacks with rain Cover 37 LTR Casual Laptop Bags/Office Laptop Bags,₹899,https://www.amazon.in/Rainstream-Laptop-Backpacks-Casual-Office/dp/B091PTJWHK,,,,
"ANNACREATIONS Stylish Mermaid Duffle Sports Dance Gymnastics Sports Gym Bag, Kids Travel Bag for Girls (Style 3)",₹375,https://www.amazon.in/ANNACREATIONS-Stylish-Mermaid-Duffle-Gymnastics/dp/B0BMGK1L2X,,,,
Protecta The Professional Laptop Bag Briefcase for Laptops with Screen Size Up to 15.6 Inch (Black & Indian Geometric Print),₹669,https://www.amazon.in/Protecta-Professional-15-6-inch-Briefcase-Geometric/dp/B07GNCRCP4,,,,
PUMA Laptop Backpack IND II Black-CASTLEROCK,"₹1,149",https://www.amazon.in/PUMA-Laptop-Backpack-IND-Black-CASTLEROCK/dp/B08BV2S9K1,,,,
"BROGBUS pu Leather Men Bag Casual Business Messenger Bag for Cross body Bag Male Shoulder Bags PU Leather Sling Messenger Bag (Brown, L- 10.05inch H- 11.5inch W- 3inch)",₹939,https://www.amazon.in/BROGBUS-Business-Messenger-Sling-10-05inch/dp/B09QLD9GJY,,,,
"SNDIA 2-Set Multipurpose Transparent Travel Pouch Makeup Toiletry Kit Bag Cosmetic Pouch for Women Makeup Organizer Bag Plastic Box Vanity, Shaving Kit Toiletry Bag for Men (23.5x15.5x10 cm)",₹398,https://www.amazon.in/SNDIA-Transparent-Storage-Cosmetic-Toiletry/dp/B095PFZLJR,,,,
Tinytot School Bag School Backpack College Backpack Travel Backpack Office Backpack Multipurpose Backpack Picnic Bag for Boys & Girls,₹589,https://www.amazon.in/Tinytot-School-Backpack-College-Multipurpose/dp/B09C5JVWCW,,,,
"Wearslim Gym Bag, Sports Edition PU Leather Gym Duffel Bag, Crossbody Bag, Gym Yoga Bag, Travel Shoulder Bag for Men and Women - Black",₹299,https://www.amazon.in/Wearslim-Sports-Leather-Crossbody-Shoulder/dp/B096B9SZWN,,,,
"EVRUM Sling Bag For Men CrossBody Backpack For Men Women, Anti-Theft Chest Bag With USB Charging Port, Waterproof Casual Shoulder Bag Travel Hiking Sling Backpack Carbon Fiber","₹1,619",https://www.amazon.in/EVRUM-Business-Protection-Crossbody-Waterproof/dp/B0BX6VKQ35,,,,
Martucci Large 35 L Backpack Spacy Unisex/College/School/Travel Backpack with Rain Cover and Reflective Strip,₹765,https://www.amazon.in/Martucci-Backpack-College-Reflective-Airport/dp/B0B7DVC3TL,,,,
Lavie Sport Atlantis Backpack with Laptop Sleeve | Men | Women | 15 inch Laptop Compatible | 3 compartments | Office Business Casual Bagpack,₹969,https://www.amazon.in/Lavie-Sport-Laptop-Backpack-BDEI323043M3/dp/B07VCKRMJ5,,,,
Wooum Water Resistant Material Sling Bag/One Side Bag/Shoulder Bag/Messenger Bag/Office Messenger Bag/Travel Side Bag with 14.1 Inch Laptop Compartment -,₹474,https://www.amazon.in/Wooum-Resistant-Material-Messenger-Compartment/dp/B09KV7Y3KL,,,,
"Foldable Travel Duffel Bag,Sport Totes,Shoulder Shopping Bag,Luggage Bag,2 Pack (Pink+Blue)",₹399,https://www.amazon.in/Foldable-Travel-Shoulder-Shopping-Luggage/dp/B07VCRL9H3,,,,
Arctic Fox 27 Liters Zinc Deep Dive 15 Inch Laptop Backpack,"₹1,398.90",https://www.amazon.in/Arctic-Fox-Liters-Laptop-Backpack/dp/B08DD7PWD3,,,,
DZert Kids School Bag Soft Plush Backpacks Cartoon Boys Girls Baby (2-5 Years),₹239,https://www.amazon.in/DZert-School-Backpacks-Cartoon-Marshall/dp/B07WKM1YZC,,,,
FUR JADEN 15.6 Anti Theft Laptop Backpack with USB Charging Port Unisex Bag for College Office Suitable for Men Women,₹799,https://www.amazon.in/FUR-JADEN-Waterproof-Charging-BM25_Grey/dp/B07FM9BSKW,,,,
Lavie Women's Odiase Medium Satchel Bag | Ladies Purse Handbag,"₹1,319",https://www.amazon.in/Lavie-Odiase-Womens-Satchel-Handbag/dp/B08SW9RJ75,,,,
"MOKOBARA The Work Backpack 15.6"" Inch Laptop | Travel Backpack For Men And Women","₹6,999",https://www.amazon.in/Mokobara-Backpack-Leather-Resistant-Laptop/dp/B0B7X81X69,,,,
Lavie Women's Pavo Tote Bag | Ladies Purse Handbag,₹760.25,https://www.amazon.in/Lavie-Pavo-Womens-Tote-Navy/dp/B07YY1PJ3H,,,,
Bennett™ Mystic Unisex Adult Men's Laptop Bag 15.6 inch Side Shoulder Briefcase Satchel Messenger Business Bags for Men & Women Front Pocket for Laptop Accessories - Black (6 Month Warranty),₹512,https://www.amazon.in/BennettTM-Shoulder-Messenger-Repellent-Charcoal/dp/B09CV24TMK,"PREMIUM QUALITY MATERIAL: This laptop computer briefcase is made of high-quality water repellent fabric, and well-made of foam pad inside. The laptop briefcase equipped with a removable shoulder strap and a soft carry handle, you can easily switch the carry way you want.    LIGHTWEIGHT AND MULTIFUNCTIONAL: It provide a removable shoulder strap, can be use as shoulder bag or handbag base on your need; top handle strap, and comes with adjustable strap with. It will be a good partner for your daily use or business trip.    EXCELLENT DETAILS: The laptop bag with exquisite zippers, durable hook of strap and soft handle, which make it more comfortable to carry and use. Ensure a secure and long-lasting usage everyday as office work bag, travel laptop briefcase, business laptop case, college laptop bag.    DIMENSION: External: 16 x 12 x 3 inch; Dimension: 16.5 x 11.5 x 2.5 inch. Suitable for 14-15.6 inch: Dell, Acer, ASUS, Samsung, HP and other brand laptops.(Please allow a little size different because of manual measurement). Great gifts choice for birthday, work anniversary.    BENNETT Warranty: Exchange within (6 months) if you don't like. If any problems, please do not hesitate to contact us. We will provide the best solution for you.    
› See more product details",,"Bennett™ Mystic Unisex Adult Men's Laptop Bag Information
      Technical Details         Brand  
                ‎Bennett     Manufacturer  
                ‎Texcoco Enterprices, 9958166528, ?Texcoco Enterprices, 9958166528     Model  
                ‎BEN-BC-BLACK     Model Name  
                ‎‎BEN-BC-BLACK     Product Dimensions  
                ‎29 x 39 x 2 cm; 449 Grams     Item model number  
                ‎BEN-BC-BLACK     Compatible Devices  
                ‎laptop     Special Features  
                ‎Laptop Compart     Mounting Hardware  
                ‎Messenger Bag     Number of items  
                ‎1     Batteries Included  
                ‎No     Batteries Required  
                ‎No     Material  
                ‎Nylon     Manufacturer  
                ‎Texcoco Enterprices, 9958166528     Country of Origin  
                ‎India     Item Weight  
                ‎449 g               Additional Information     ASIN   B09CV24TMK    Customer Reviews  

 
   4.0  4.0 out of 5 stars    
    5,751 ratings   


 4.0 out of 5 stars     Best Sellers Rank    #1,221 in Electronics (See Top 100 in Electronics)  #2 in Laptop Messenger & Shoulder Bags       Date First Available   17 August 2021     Packer   ?Texcoco Enterprices, 9958166528     Importer   ?Texcoco Enterprices, 9958166528     Item Dimensions LxWxH   29 x 39 x 2 Centimeters     Net Quantity   1 count     Generic Name   Laptop Bag            Feedback                                               

 Would you like to   tell us about a lower price?
                
 
 







Bennett™ Mystic Unisex Adult Men's Laptop Bag 15.6 inch Side Shoulder Briefcase Satchel Messenger Business Bags for Men & Women Front Pocket for Laptop Accessories - Black (6 Month Warranty)
Share: 





Found a lower price? Let us know.
Where did you see a lower price?









Website (Online)








URL:





Price incl. VAT:
                                                    (INR)
                                                





Shipping cost:
                                                    (INR)
                                                





Date of the price:







01
02
03
04
05
06
07
08
09
10
11
12














                                                            /
                                                        





01
02
03
04
05
06
07
08
09
10
11
12
13
14
15
16
17
18
19
20
21
22
23
24
25
26
27
28
29
30
31














                                                            /
                                                        
































Store (Offline)








Store name:







Town/City:





State:



Please select province




Please select province







Price incl. VAT:
                                                    (INR)
                                                





Date of the price:






01
02
03
04
05
06
07
08
09
10
11
12














                                                        /
                                                    





01
02
03
04
05
06
07
08
09
10
11
12
13
14
15
16
17
18
19
20
21
22
23
24
25
26
27
28
29
30
31














                                                        /
                                                    






























                        Please sign in to provide feedback. 








Submit Feedback",Visit the Bennett Store
"Walkent Waterproof 15.6 inch Laptop Bag 39L (Model Identity, Black) 180° Openable, Anti-Theft, External USB, Expandable for Office, Home, College, Men Women","₹2,990",https://www.amazon.in/WALKENT-Waterproof-Identity-Anti-Theft-Expandable/dp/B0B65SCVRX,,,,
ADISA Women's Girls Party Sling Bag Crossbody,₹399,https://www.amazon.in/ADISA-Womens-Girls-Party-Crossbody/dp/B0B2WBJ2H8,,,,
"Safari Spartan 21 Ltrs Water Resistant Backpack - Blue, S (SPARTAN19CBBLU)",₹599,https://www.amazon.in/Safari-Spartan-Water-Resistant-Backpack/dp/B09B26MB5M,,,,
Half Moon 30L Water Resistant 15.6 inch Laptop Bag/Backpack for Men | School Bag for Boys Girls | Office Bag pack for Men/Office Back Packed for Women with Padded Laptop Compartment,₹499,https://www.amazon.in/Half-Moon-Laptop-Backpack-Polyester/dp/B09CMS3K2S,,,,
"Bennett Casual Laptop Bag school bags for boys girls 15.6-inch, 25 LTR Office & College bags for mens Water Repellent Backpack for Men & Women (GREY)",₹512,https://www.amazon.in/Bennett-15-6-inch-College-Repellent-Backpack/dp/B09WZKHSDR,,,,
DZert Clasy Laptop Bag College Bag for Boys Girls 21 L Blue White,₹299,https://www.amazon.in/DZert-School-Polyester-Backpack-White/dp/B07GXYHFCY,,,,
"Mi Step Out 12 L Mini Backpack (Small Size, Red, Water Repellant)",₹369,https://www.amazon.in/Step-Backpack-Small-Water-Repellant/dp/B088XG77KN,"Made of multi-coated 600D polyester Material ; Water Repellent    Dimension: 38cm x 26cm x 14cm (LxWxH); Weight : 200 grams; Capacity: 12liters    Small Size backpack; Laptop Compatibility: No    This backpack comes with 2 zipper pockets that can house a notebook, gym gear, travel essentials and more    With contra zippers and adjustable straps this light weight backpack is the ideal companion while at the airport or hitting the gym or exploring new city or using it as a carrier for books    6 months limited warranty    
› See more product details",,"Product information 
      Technical Details         Brand  
                ‎MI     Manufacturer  
                ‎Korrun India Pvt. Ltd, Plot No.25, P2(4&X), 1st Phase, Bidadi Industrial area, Bangalore-562109, Karnataka     Model  
                ‎25742     Product Dimensions  
                ‎38 x 26 x 14 cm; 200 Grams     Item model number  
                ‎25742     Special Features  
                ‎Water Resistent, Light Weight, Ergonomic Design, Adjustable     Mounting Hardware  
                ‎Backpack     Batteries Required  
                ‎No     Material  
                ‎Polyester     Manufacturer  
                ‎Korrun India Pvt. Ltd     Country of Origin  
                ‎India     Item Weight  
                ‎200 g               Additional Information     ASIN   B088XG77KN    Customer Reviews  

 
   4.1  4.1 out of 5 stars    
    9,008 ratings   


 4.1 out of 5 stars     Best Sellers Rank    #218 in Bags, Wallets and Luggage (See Top 100 in Bags, Wallets and Luggage)  #48 in Casual Daypacks  #68 in School Bags       Date First Available   20 May 2020     Item Dimensions LxWxH   38 x 26 x 14 Centimeters     Generic Name   Backpack            Feedback                                               

 Would you like to   tell us about a lower price?
                
 
 







Mi Step Out 12 L Mini Backpack (Small Size, Red, Water Repellant)
Share: 





Found a lower price? Let us know.
Where did you see a lower price?









Website (Online)








URL:





Price incl. VAT:
                                                    (INR)
                                                





Shipping cost:
                                                    (INR)
                                                





Date of the price:







01
02
03
04
05
06
07
08
09
10
11
12














                                                            /
                                                        





01
02
03
04
05
06
07
08
09
10
11
12
13
14
15
16
17
18
19
20
21
22
23
24
25
26
27
28
29
30
31














                                                            /
                                                        
































Store (Offline)








Store name:







Town/City:





State:



Please select province




Please select province







Price incl. VAT:
                                                    (INR)
                                                





Date of the price:






01
02
03
04
05
06
07
08
09
10
11
12














                                                        /
                                                    





01
02
03
04
05
06
07
08
09
10
11
12
13
14
15
16
17
18
19
20
21
22
23
24
25
26
27
28
29
30
31














                                                        /
                                                    






























                        Please sign in to provide feedback. 








Submit Feedback",Brand: MI
ADISA 15.6 inch Laptop Backpack Office Bag College Travel Back Pack 32 Ltrs (z-Teal),₹499,https://www.amazon.in/ADISA-Laptop-Backpack-Office-College/dp/B09TPVD964,,,,
"POLESTAR Leader 34 L Bag for College, School, Office, Casual Multipurpose Backpack with 15.6"" Laptop Compartment, Water Resistant, Unisex Design, Stylish & Durable, 1 Year Warranty",₹599,https://www.amazon.in/POLESTAR-backpack-Backpack-College-Students/dp/B08X2KRL8B,,,,
ADISA 32L Large Laptop Backpack Office Bag College Travel Back Pack with rain Cover (Navy),₹599,https://www.amazon.in/ADISA-Laptop-Backpack-Office-College/dp/B0BPTT2HZY,,,,
TRAWOC 80L Travel Backpack for Outdoor Sport Camp Hiking Trekking Bag Camping Rucksack HK007 (PARENT) 1 Year Warranty,"₹2,332",https://www.amazon.in/TRAWOC-Backpack-Trekking-Rucksack-Warranty/dp/B0847PGZZM,,,,
"Bennett 15.6 inch Laptop Bag Men/Women, 25 L Water Resistant School/College Backpack with Padded Laptop Compartment for Apple/Dell/Lenovo/Asus/Hp/Mi/MacBook/Ultrabook/Thinkpad/Ideapad (Blue)",₹512,https://www.amazon.in/Bennett-15-6-inch-Repellent-Backpack-ben_cas_blue/dp/B09WZKB54G,,,,
"Palay Waist Bag For Unisex With Adjustable Strap, Waterproof Fanny Pack Stylish Chest Bag Bum Bag With 4-Zipper Pockets For Travel Party Festival Running Hiking",₹584,https://www.amazon.in/PALAY%C2%AE-Shoulder-4-Zipper-Pockets-Adjustable/dp/B08SWGFBNT,,,,
motherly Diaper Bags for Mom Travel Basic Edition (Navy Blue),"₹1,549",https://www.amazon.in/Motherly-Diaper-Bags-Travel-Basic/dp/B07PKQ3WJZ,"Capacity: 19 liters, Weight: 566gm<br> <br>    What’s new: Well-researched, upgraded fabric and hardware (zippers, rivets, gauge buttons) which is exclusively used to save you those extra bucks while maintaining the highest quality standards!! Light-weighted. Won’t add bulk and yet durable to sustain heavy weight.KEEP HOT WATER OR MILK WARM - Warm time of hot water or milk stored in the milk bottle pockets is 2 hours.<br> <br>    Pattern Name: Solid; Lining Description: Polyurethane; Age Range Description: Adult <br>    
› See more product details",,"Product information 
      Technical Details         Target gender  
                ‎Unisex     Material  
                ‎Waterproof Oxford Fabric     Additional product features  
                ‎Lightweight , Adjustable , Water proof , Bottle Holder , Anti theft , Cell Phone Holder     Number of items  
                ‎1     Style  
                ‎backpacks     Product Dimensions  
                ‎21 x 27 x 42 cm; 700 Grams     Manufacturer recommended age  
                ‎0 months and up     Manufacturer  
                ‎Motherly     Country of Origin  
                ‎India     Item Weight  
                ‎700 g               Additional Information     ASIN   B07PKQ3WJZ    Customer Reviews  

 
   4.5  4.5 out of 5 stars    
    2,485 ratings   


 4.5 out of 5 stars     Best Sellers Rank    #735 in Baby Products (See Top 100 in Baby Products)  #141 in Diaper Needs  #314 in Bags & Backpacks       Date First Available   19 November 2019     Manufacturer   Motherly     Item Dimensions LxWxH   21 x 27 x 42 Centimeters            Feedback                                               

 Would you like to   tell us about a lower price?
                
 
 







motherly Diaper Bags for Mom Travel Basic Edition (Navy Blue)
Share: 





Found a lower price? Let us know.
Where did you see a lower price?









Website (Online)








URL:





Price incl. VAT:
                                                    (INR)
                                                





Shipping cost:
                                                    (INR)
                                                





Date of the price:







01
02
03
04
05
06
07
08
09
10
11
12














                                                            /
                                                        





01
02
03
04
05
06
07
08
09
10
11
12
13
14
15
16
17
18
19
20
21
22
23
24
25
26
27
28
29
30
31














                                                            /
                                                        
































Store (Offline)








Store name:







Town/City:





State:



Please select province




Please select province







Price incl. VAT:
                                                    (INR)
                                                





Date of the price:






01
02
03
04
05
06
07
08
09
10
11
12














                                                        /
                                                    





01
02
03
04
05
06
07
08
09
10
11
12
13
14
15
16
17
18
19
20
21
22
23
24
25
26
27
28
29
30
31














                                                        /
                                                    






























                        Please sign in to provide feedback. 








Submit Feedback",Visit the motherly Store
Martucci 15.6 inch 30 L Casual Waterproof Laptop Backpack/Office Bag/School Bag/College Bag/Business Bag/Unisex Travel Backpack(Black),₹549,https://www.amazon.in/Martucci-Casual-Travelling-Laptop-Backpack/dp/B088B4P6ZW,,,,
"Safari 48 Cms Black Formal/Office/Laptop Backpack With Anti-Theft, Lock, Usb And Rfid (Vault19Cbblk)",₹997,https://www.amazon.in/Safari-Formal-Backpack-Anti-Theft-VAULT19CBBLK/dp/B07XSTR69N,,,,
LOOKMUSTER Casual Waterproof Laptop Backpack/Office Bag/School Bag/College Bag/Business Bag/Travel Backpack…,₹598,https://www.amazon.in/LOOKMUSTER-Waterproof-Backpack-College-Business/dp/B0BS6YGKMC,,,,
Gear Moderneco5 21L Water Resistant School Bag/Backpack/College Bag For Men/Women - Navyblue,₹379,https://www.amazon.in/Gear-Ltrs-Casual-Backpack-MDBKPECO50504/dp/B0757K36YV,,,,
DZert Clasy Laptop Bag College Bag for Boys Girls 21 L Nevy Blue,₹339,https://www.amazon.in/DZert-Girls-Polyester-White-Backpack/dp/B07H1BPCGQ,,,,
Gear DOUBLE DECKER 31L Water Resistant Laptop Bag/Backpack/Office Bag for Men/Women (Black),"₹1,482",https://www.amazon.in/Gear-DOUBLE-DECKER-Resistant-Backpack/dp/B0BTJ3WTMV,Each Gear Bag is born in our in-house design & prototyping studio & characterises a recognisable aesthetic & functionality,,"Product description    
 Each Gear Bag is born in our in-house design & prototyping studio & characterises a recognisable aesthetic & functionality",Visit the Gear Store
"GENIE Miami Casual Backpacks for Women, 14 inch, Stylish and Trendy College backpacks for girls, Water Resistant and Lightweight Mini Bags Latest collection (Rose)",₹749,https://www.amazon.in/Genie-Miami-litres-Casual-Backpack/dp/B07SRGQ2R4,,,,
"Safari Seek 32 Ltrs Overnighter Travel Laptop Backpack (Black), Water Resistant Spacious Bag for Travelling and Camping, All-Purpose Bag for Business & Leisure","₹1,949",https://www.amazon.in/Safari-Overnighter-Resistant-Travelling-All-Purpose/dp/B097JMR4M6,,,,
ASTRID Round Textured Sling Bag For Girls With Zip,₹429,https://www.amazon.in/ASTRID-Round-Textured-Magical-Maroon/dp/B09DCTPZ2Q,,,,
Lavie Sport Charge 36 litres Backpack with Laptop Sleeve | School College Bag for Boys & Girls,₹839,https://www.amazon.in/Lavie-Sport-Casual-Backpack-Charge/dp/B083KW31YD,,,,
Cosmus Vogue Casual Laptop Backpack with USB Charger Port 44cm 26 Litre Grey College Bag,"₹1,358",https://www.amazon.in/Cosmus-Casual-Backpack-Charger-College/dp/B08D7D21FV,,,,
COSMUS Darwin Navy Blue Laptop Backpack for (15.6 inch),"₹1,333",https://www.amazon.in/COSMUS-Polyester-Navy-Laptop-Backpack/dp/B01FVQLLU0,,,,
Gear ECO 1 Black Orange Red Laptop Backpack,₹759,https://www.amazon.in/Gear-Polyester-Laptop-Backpack-LBPECO1000109/dp/B012NW1H1I,,,,
"Puma Unisex-Adult Big Cat Backpack, Fizzy Apple (9018404)",₹999,https://www.amazon.in/Puma-Unisex-Adult-Backpack-Fizzy-9018404/dp/B0BWF2BNBP,,,,
"House of Quirk Clear Toiletry Bag, Wash Make Up Bag PVC Waterproof Zippered Cosmetic Bag, Portable Carry Pouch for Women Men (Set of 3 Bag Black)",₹475,https://www.amazon.in/House-Quirk-Toiletry-Waterproof-Zippered/dp/B09G364GX5,,,,
"The Deal Men's 15.6 Inch Polyester Casual Laptop Backpack, Travel Computer Bag Water Resistant College Work School Bag (Blue)",₹399,https://www.amazon.in/Deal-Polyester-Backpack-Computer-Resistant/dp/B08RC39B71,,,,
BAG CORNER Travel Woman and Clothing Duffel Bag (Ten),₹799,https://www.amazon.in/BAG-CORNER-Travel-Clothing-Duffel/dp/B0B6VNJ3YG,,,,
"YASH Bag for Boys and Girls Blue Color, 15.6 inch 25 L Casual Waterproof Laptop Backpack/Office Bag/School Bag/College Bag","₹29,499",https://www.amazon.in/Casual-Waterproof-Laptop-Backpack-College/dp/B0C3XG81XS,,,,
"F Gear Fortune Navy Blue, Red 27 Liters Laptop Backpack (2700)",₹884,https://www.amazon.in/F-Gear-Fortune-Backpack-Navy-Blue/dp/B07B7K7212,"Well if you are looking for a backpack which is sleek, fashionable and can also be used as a trekking bag your search ends here. fortune from f gear can be used either as an everyday backpack or a small sized trekking bag. it has one huge compartment with a laptop sleeve. this can be used for books, clothes or any bulky items. apart from this there is one more compartment and two big pockets with organizer. it has two bottle holders, two finger loops and chest straps for comfort wearing. dual loops for holding ice axes present. padded shoulder straps and padded back add to it. side compressor straps maintain the sleek look of a fully filled bag. you definitely will love using this bag. comes with the f gear promise of quality.",,"Product description    
 Well if you are looking for a backpack which is sleek, fashionable and can also be used as a trekking bag your search ends here. fortune from f gear can be used either as an everyday backpack or a small sized trekking bag. it has one huge compartment with a laptop sleeve. this can be used for books, clothes or any bulky items. apart from this there is one more compartment and two big pockets with organizer. it has two bottle holders, two finger loops and chest straps for comfort wearing. dual loops for holding ice axes present. padded shoulder straps and padded back add to it. side compressor straps maintain the sleek look of a fully filled bag. you definitely will love using this bag. comes with the f gear promise of quality.",Visit the F Gear Store
ADISA 32L Large Laptop Backpack Office Bag College Travel Back Pack with rain Cover (Navy),₹599,https://www.amazon.in/ADISA-Laptop-Backpack-Office-College/dp/B0BVRJYD9Q,,,,
Skybags Unisex Grey Jacqard 34L Laptop Bags,"₹1,149",https://www.amazon.in/Skybags-Unisex-Grey-Jacqard-Laptop/dp/B09ZV9SLBJ,,,,
Lino Perros Women Handbag,"₹1,303",https://www.amazon.in/Lino-Perros-Womens-Handbag-Black/dp/B07L4PQJ42,,,,
"uppercase Medium 17 Ltrs Vegan Leather (upto 14 inch) Laptop Backpack 2300EBP1 3x more water resistant sustainable bags with rain proof zippers for Men, Women, Boys and Girls, 750 Days warranty","₹1,600",https://www.amazon.in/uppercase-Backpack-2300EBP1-repellent-sustainable/dp/B0B69M182Q,,,,
"MosQuick® Clear large Drawstring Bags Clear Plastic Travel Bags, Travel Garments Organizing Storage Plastic Bags ,Shoe bags , Stationery Bag,multipurpose bag - Translucent",₹294,https://www.amazon.in/MosQuick%C2%AE-Drawstring-Organizing-Stationery-multipurpose/dp/B09SB42QFQ,"About this item    MULTIPLE USAGE: Drawstring plastic bag is designed in a way to be useful for many functions. Use it as drawstring shoe bag, clear gift bags for favors, traveling. Pack everything in clear plastic bags (packing toys, stationery, shoes, clothes, cosmetics) and keep it safely and comfortably!    PLASTIC TRAVEL BAGS: Travel shoe bags for packing are unprinted and feature impressive durability, so you can use clear drawstring bag as main means of storing for personal and business purposes.    HIGH QUALITY MATERIAL- The PE storage bags are made of high quality Chlorinated Polyethylene (CPE) sheet which is famed for its good features . the translucent feature helps us to easily view what is inside the bag    KEY FEATURES- Package Includes 2 Pcs Travel Plastic Bags , the quality drawstring plastic bags have flat edges with a 16"" height and 11"" width plus an extra 2"" bottom gusset.it has 2 cotton strings to pull and secure the bag and the contents.    CONVENIENT TO USE- Each drawstring bag comes with two flat satin drawstrings on both ends, making the bags open or close conveniently,and you can also be easy to carry your items in them with the strings.",,,
Tabelito® VOLT Casual waterproof Laptop Backpack/Office bag/School bag/College bag/Business bag/Unisex bag Travel bag Compatible with 15.6 inch Laptop 30L Bag for Men and Women - GREY,₹599,https://www.amazon.in/Tabelito%C2%AE-VOLT-waterproof-Backpack-Compatible/dp/B0BML7Q3J1,,,,
URBAN WOLF 30L Casual Dual Compartment Water Resistant Laptop Backpack Unisex Bags for Office/Travel/Business/College/School (Black),₹719,https://www.amazon.in/Business-Casual-Compartment-Resistant-Backpack/dp/B08N6HSJJ5,,,,
"Frantic Velvet Kids Soft Cartoon Animal Travelling School Bag Soft Plush Backpacks Baby Girls Boys for 2 to 5 Years Baby/Boys/Girls Nursery, Picnic,Preschool",₹279,https://www.amazon.in/Frantic-Soft-Elephant-Velvet-Plush/dp/B07P9JFYZ5,,,,
DAHSHA Stylish Nylon Sling Cross Body Travel Bag for Business Office Messenger One Side Shoulder Carry Handbag Bag For Men & Women (35X18x25 CM-grey),₹694,https://www.amazon.in/DAHSHA-Multipurpose-Travel-Duffel-13X7x11-inch/dp/B07GCLJTZF,,,,
